pred,count,percent,prob_far_left,prob_left,prob_centre_left,prob_centre,prob_centre_right,prob_right,prob_far_right
centre,426,16.039156626506024,0.04078656639567031,0.026131499811258323,0.11917526961462567,0.5223335501954186,0.21152547206508499,0.04426182227736803,0.03578581964057383
centre_left,477,17.959337349397593,0.044453287728308845,0.06244939010317502,0.5615191969062328,0.1623446175546078,0.09140810299800936,0.033396198707394964,0.04442920600227106
centre_right,416,15.66265060240964,0.05477775674308668,0.05998041048912357,0.09229714799239597,0.18740828594892067,0.5070725928902499,0.06322069160185638,0.03524311433436662
far_left,4,0.15060240963855423,0.3060750716327971,0.13584564480685596,0.10195777773123951,0.1500111126079593,0.17823004984259283,0.051450869489758175,0.07642947388879683
far_right,297,11.182228915662652,0.028832420845186276,0.023479283331145365,0.07571095876046356,0.09413894121986727,0.07271319992949628,0.1821608918933842,0.5229643040204569
left,279,10.504518072289157,0.07219758868883529,0.5662407611732082,0.08904215708796552,0.11350526882352102,0.09999662620014521,0.034039107659862025,0.02497849036646247
right,757,28.501506024096386,0.024163632722929318,0.04015020639713541,0.07373394547974542,0.0883829065691057,0.1458758284232931,0.48483835250355145,0.1428551279042393
